UUID;ID;Name;AttachmentID
028595DC-DFB8-1EDD-829F-CE0120E15A42;1614;Запрос усл.Тестирование куратора 2022;ATT_DISC_13442_2022-07-21T14:06:58Z
028595DC-DFB8-1EDD-98B9-CEE25EBC9F2D;1685;Запрос усл.Тест С+0 12.10.2022 (копия);ATT_REQ__2022-11-11T14:38:11Z
028595DC-DFB8-1EED-98B9-E31EB8A6415C;1686;Запрос усл.Тест С+0 12.10.2022 (копия);ATT_REQ__2022-11-11T14:42:43Z
02E47107-26D8-1EED-989F-3A3C48061FF0;1661;Запрос усл.Тестирование характеристики 2;ATT_DISC_15213_2022-11-10T13:13:36Z
02E47107-26D8-1EED-98B6-D99DFBE2DEBF;1665;Запрос усл.ячсм;ATT_DISC_15166_2022-11-11T11:46:40Z
02E47107-26D8-1EED-98B9-304F07704AFF;1676;Запрос усл.Тест упущено;ATT_DISC_15148_2022-11-11T14:01:52Z
0611F925-EB2C-1EDD-9192-5EF9993F8C9E;1622;Запрос усл.Тест вложения;ATT_DISC_14582_2022-10-05T09:48:31Z
06EED682-C3BC-1EDD-958C-F870FF524B81;1631;Запрос усл.тест сделки ХАРАКТ;ATT_DISC_14959_2022-10-25T13:19:42Z
06EED682-C3BC-1EDD-9880-E4D7F711F210;1651;Запрос усл.тест ЗУ 09.11.2022 (копия);ATT_REQ__2022-11-09T08:18:55Z
